1uyVbPy0Tgo,pEQcvcyzQGE
1uyVbPy0Tgo,NcSUF8erpfU
1uyVbPy0Tgo,IIj-HHAedqo
cX_vWl68Btc,-q_OZIhr6Mg
cX_vWl68Btc,tZBsSDWNjTo
cX_vWl68Btc,NqYxycd6UTM
P6h1W9BrwaY,ma9SIElODdg
P6h1W9BrwaY,a_58Q0H7KoI
P6h1W9BrwaY,ZhOXk60zTkc
pEQcvcyzQGE,Y7nZ4mw4mXw
pEQcvcyzQGE,3K3fy5eKeuM
pEQcvcyzQGE,ccK2GifNn4A
NcSUF8erpfU,iyFT8qXcOrM
NcSUF8erpfU,MkzqsSRsE4s
NcSUF8erpfU,clWZTm9atwc
IIj-HHAedqo,NvqKZHpKs-g
IIj-HHAedqo,KGghR1nmeQU
IIj-HHAedqo,f9v6givfTEA
-q_OZIhr6Mg,tZBsSDWNjTo
-q_OZIhr6Mg,NqYxycd6UTM
-q_OZIhr6Mg,_-VMbW_m7Ko
tZBsSDWNjTo,-q_OZIhr6Mg
tZBsSDWNjTo,NqYxycd6UTM
tZBsSDWNjTo,gjyNlFcAEv0
NqYxycd6UTM,tZBsSDWNjTo
NqYxycd6UTM,-q_OZIhr6Mg
NqYxycd6UTM,w_fNJ8vT018
ma9SIElODdg,-46qngQIgMQ
ma9SIElODdg,j05xm-8_wjc
ma9SIElODdg,fUU3ioeC8fo
a_58Q0H7KoI,CCRiiBsnxkI
a_58Q0H7KoI,pEQcvcyzQGE
a_58Q0H7KoI,VDd5GlrgvsE
ZhOXk60zTkc,n6QwnzbRUyA
ZhOXk60zTkc,VUvtuKUP-M0
ZhOXk60zTkc,f9v6givfTEA
Y7nZ4mw4mXw,zdR-I35Ladk
Y7nZ4mw4mXw,3K3fy5eKeuM
Y7nZ4mw4mXw,syGpm7DM-4g
3K3fy5eKeuM,XU9FVqwO4TM
3K3fy5eKeuM,StjIv33zJ9c
3K3fy5eKeuM,VSQnOS7t4Gg
ccK2GifNn4A,Myalj0M8wms
ccK2GifNn4A,1FmKYkdjy70
ccK2GifNn4A,voWuAxYJX9c
iyFT8qXcOrM,8A3jiM2FNR8
iyFT8qXcOrM,QlaeirHJpns
iyFT8qXcOrM,4cDC4wEY9SQ
MkzqsSRsE4s,QlaeirHJpns
MkzqsSRsE4s,_g7SjfKLIRQ
MkzqsSRsE4s,IpUmVYvzdlI
clWZTm9atwc,IpUmVYvzdlI
clWZTm9atwc,4cDC4wEY9SQ
clWZTm9atwc,2tx33_WvPgM
NvqKZHpKs-g,TLpbfOJ4bJU
NvqKZHpKs-g,ZxCT_D6HBd8
NvqKZHpKs-g,O90PShJVu58
KGghR1nmeQU,VSQnOS7t4Gg
KGghR1nmeQU,ccK2GifNn4A
KGghR1nmeQU,PZz2r9j1Lfo
f9v6givfTEA,VfKfSUqn_GY
f9v6givfTEA,kkVEt5tC2xU
f9v6givfTEA,1ylleTbizgU
_-VMbW_m7Ko,C18F3E-nz8c
_-VMbW_m7Ko,-q_OZIhr6Mg
_-VMbW_m7Ko,tZBsSDWNjTo
gjyNlFcAEv0,tZBsSDWNjTo
gjyNlFcAEv0,-q_OZIhr6Mg
gjyNlFcAEv0,NqYxycd6UTM
w_fNJ8vT018,NqYxycd6UTM
w_fNJ8vT018,MhXo1BbFumE
w_fNJ8vT018,vpJDAA0HWQs
-46qngQIgMQ,eDH0dXjWLPc
-46qngQIgMQ,fUU3ioeC8fo
-46qngQIgMQ,QNCeWVVnAAU
j05xm-8_wjc,s8VOM8ET1WU
j05xm-8_wjc,rELHUMNt4HM
j05xm-8_wjc,nknYtlOvaQ0
fUU3ioeC8fo,15pFQxG9wko
fUU3ioeC8fo,b9eyc8Ol6PY
fUU3ioeC8fo,qzDT3mydgKo
CCRiiBsnxkI,uNFy2739j7g
CCRiiBsnxkI,JG0N6b9EPJw
CCRiiBsnxkI,n6QwnzbRUyA
VDd5GlrgvsE,iiUkbE_ktHs
VDd5GlrgvsE,_uX3zO4unn8
VDd5GlrgvsE,z_VSuI_kHuU
n6QwnzbRUyA,P27HRClMf2U
n6QwnzbRUyA,MQyxG4vTyZ8
n6QwnzbRUyA,f9v6givfTEA
VUvtuKUP-M0,ZhOXk60zTkc
VUvtuKUP-M0,y6h8TIxeg1g
VUvtuKUP-M0,akiXEfWW-V0
zdR-I35Ladk,9PuHjyny9lE
zdR-I35Ladk,JovtmKFxi3c
zdR-I35Ladk,Cm1j1fpldkc
syGpm7DM-4g,52uWws96Cfc
syGpm7DM-4g,9PuHjyny9lE
syGpm7DM-4g,9aUbSHbSi-k
XU9FVqwO4TM,3K3fy5eKeuM
XU9FVqwO4TM,ycrqXJYf1SU
XU9FVqwO4TM,StjIv33zJ9c
StjIv33zJ9c,inebLA3HqPo
StjIv33zJ9c,JmqV2vIXpUY
StjIv33zJ9c,reEZn3mJ-Fo
VSQnOS7t4Gg,rRMkEDwJxbU
VSQnOS7t4Gg,fp8ahoyuRzU
VSQnOS7t4Gg,-7ff7fbZO5Q
Myalj0M8wms,36SpZxgHc3U
Myalj0M8wms,RIqfBk6GglI
Myalj0M8wms,Sy70uRIBcxc
1FmKYkdjy70,lG-_bMbyb0s
1FmKYkdjy70,XNvq8pzgvVw
1FmKYkdjy70,iJpL25ygt8c
voWuAxYJX9c,1FmKYkdjy70
voWuAxYJX9c,p4AZtjD03Ts
voWuAxYJX9c,ccK2GifNn4A
8A3jiM2FNR8,iyFT8qXcOrM
8A3jiM2FNR8,1s5iz6ml-qA
8A3jiM2FNR8,c1nIqzwXT-s
QlaeirHJpns,TtziF8sgZ0I
QlaeirHJpns,OTWkeN2Gyz8
QlaeirHJpns,etkd57lPfPU
4cDC4wEY9SQ,ldZJx5irpiQ
4cDC4wEY9SQ,aJrBBz_yjIo
_g7SjfKLIRQ,BE0uN2ZJoQ8
_g7SjfKLIRQ,QlaeirHJpns
_g7SjfKLIRQ,clWZTm9atwc
IpUmVYvzdlI,Yphxh5L8YbQ
IpUmVYvzdlI,4cDC4wEY9SQ
2tx33_WvPgM,YAr7O8-iRgQ
2tx33_WvPgM,Yphxh5L8YbQ
2tx33_WvPgM,80ULDtPkUQg
TLpbfOJ4bJU,CVuVlk2E_e4
TLpbfOJ4bJU,RVVfJVj5z8s
TLpbfOJ4bJU,K3ksKkCOgTw
ZxCT_D6HBd8,xd3Trr8Xrdc
ZxCT_D6HBd8,mc_ccH0xvJw
ZxCT_D6HBd8,OzNcoENNsxQ
O90PShJVu58,RVVfJVj5z8s
O90PShJVu58,hIXhnWUmMvw
O90PShJVu58,t6m49vNjEGs
PZz2r9j1Lfo,9PuHjyny9lE
PZz2r9j1Lfo,zdR-I35Ladk
PZz2r9j1Lfo,rD9PGi8hHvY
VfKfSUqn_GY,f9v6givfTEA
VfKfSUqn_GY,t6m49vNjEGs
VfKfSUqn_GY,1ylleTbizgU
kkVEt5tC2xU,NZR_vMTLfIk
kkVEt5tC2xU,PHe0bXAIuk0
kkVEt5tC2xU,f9v6givfTEA
1ylleTbizgU,d-8wXrF2ZeE
1ylleTbizgU,f9v6givfTEA
1ylleTbizgU,1ScMp855WQw
C18F3E-nz8c,XnOgUuXIu20
C18F3E-nz8c,2zIug466lQ0
C18F3E-nz8c,MhXo1BbFumE
MhXo1BbFumE,l9ttT4rvuaw
MhXo1BbFumE,C18F3E-nz8c
MhXo1BbFumE,j17XLCh1w-Q
vpJDAA0HWQs,jQbipfwzpX4
vpJDAA0HWQs,VDd5GlrgvsE
vpJDAA0HWQs,5vA7YbtfqVg
eDH0dXjWLPc,b9eyc8Ol6PY
eDH0dXjWLPc,GGberGnxiJk
eDH0dXjWLPc,-46qngQIgMQ
QNCeWVVnAAU,-46qngQIgMQ
QNCeWVVnAAU,b9eyc8Ol6PY
QNCeWVVnAAU,LQYpBe7_wjc
s8VOM8ET1WU,BShvYeyMm_Y
s8VOM8ET1WU,M0FvLkXDKIs
s8VOM8ET1WU,rELHUMNt4HM
rELHUMNt4HM,nknYtlOvaQ0
rELHUMNt4HM,9aWYJugVTs4
rELHUMNt4HM,MQyxG4vTyZ8
nknYtlOvaQ0,rELHUMNt4HM
nknYtlOvaQ0,wZSRxfHMr5s
nknYtlOvaQ0,qh70RfWqSBo
15pFQxG9wko,fUU3ioeC8fo
15pFQxG9wko,b9eyc8Ol6PY
15pFQxG9wko,ZEvhbuKVUDU
b9eyc8Ol6PY,vjTp-S_SWSM
b9eyc8Ol6PY,eDH0dXjWLPc
b9eyc8Ol6PY,WlljB18VgIk
qzDT3mydgKo,fUU3ioeC8fo
qzDT3mydgKo,b9eyc8Ol6PY
qzDT3mydgKo,-46qngQIgMQ
uNFy2739j7g,gb2DdqL8ATc
uNFy2739j7g,7mFPcJk2lEM
uNFy2739j7g,9aUbSHbSi-k
JG0N6b9EPJw,rpzobT-SsqU
JG0N6b9EPJw,q2L-8-rUM7s
JG0N6b9EPJw,h_CTpoGiaaI
iiUkbE_ktHs,3C4qbIOhLgw
iiUkbE_ktHs,qWIph_xlTbY
iiUkbE_ktHs,cag-MNiIPd8
_uX3zO4unn8,5I3SWcwD3EY
_uX3zO4unn8,VDd5GlrgvsE
_uX3zO4unn8,mxbary6TtmQ
z_VSuI_kHuU,YlQDOUCW9WA
z_VSuI_kHuU,rStsx8SGsPc
P27HRClMf2U,r51YroAFPds
P27HRClMf2U,rELHUMNt4HM
P27HRClMf2U,v93rcPkFkZc
MQyxG4vTyZ8,r5Ps1TZXAN8
MQyxG4vTyZ8,luTPMHC7zHY
MQyxG4vTyZ8,GiBF6v5UAAE
y6h8TIxeg1g,yf8uYzgMsEw
y6h8TIxeg1g,pEQcvcyzQGE
y6h8TIxeg1g,UAHhhweamIU
akiXEfWW-V0,ThG_02miq-4
akiXEfWW-V0,VUvtuKUP-M0
akiXEfWW-V0,syXd7kgLSN8
9PuHjyny9lE,36SpZxgHc3U
9PuHjyny9lE,VQOOxOl9l80
9PuHjyny9lE,U4kCN7TZ6us
JovtmKFxi3c,CaELQS5kTso
JovtmKFxi3c,5dZ_lvDgevk
JovtmKFxi3c,zdR-I35Ladk
Cm1j1fpldkc,aO7_indbfME
Cm1j1fpldkc,Sy70uRIBcxc
Cm1j1fpldkc,IooUYvy5h0o
52uWws96Cfc,syGpm7DM-4g
52uWws96Cfc,eX_ILFHQtcQ
52uWws96Cfc,P7QWifeY2_A
9aUbSHbSi-k,Qyp5JLtdi90
9aUbSHbSi-k,NXaVLXSZdEw
9aUbSHbSi-k,CaELQS5kTso
ycrqXJYf1SU,VSQnOS7t4Gg
ycrqXJYf1SU,Y7nZ4mw4mXw
ycrqXJYf1SU,NloOWphI5bw
inebLA3HqPo,aMWi4XlNlwE
inebLA3HqPo,StjIv33zJ9c
inebLA3HqPo,BRzR1l7h7es
JmqV2vIXpUY,StjIv33zJ9c
JmqV2vIXpUY,PD44psFn-nI
JmqV2vIXpUY,reEZn3mJ-Fo
reEZn3mJ-Fo,JmqV2vIXpUY
reEZn3mJ-Fo,StjIv33zJ9c
reEZn3mJ-Fo,inebLA3HqPo
rRMkEDwJxbU,ddlRvqhGdPk
rRMkEDwJxbU,GCSXNGc7pfs
rRMkEDwJxbU,Le_rfTdayLs
fp8ahoyuRzU,PWzbArPgo-o
fp8ahoyuRzU,VSQnOS7t4Gg
fp8ahoyuRzU,XU9FVqwO4TM
-7ff7fbZO5Q,XWq5kBlakcQ
-7ff7fbZO5Q,AQmNBqgdWw8
-7ff7fbZO5Q,xVc_AdJoAVs
36SpZxgHc3U,9PuHjyny9lE
36SpZxgHc3U,Myalj0M8wms
36SpZxgHc3U,HrnQ9U_cXpo
RIqfBk6GglI,mCo3Euel2wI
RIqfBk6GglI,Myalj0M8wms
RIqfBk6GglI,3tou8h3P1Tg
Sy70uRIBcxc,ccK2GifNn4A
Sy70uRIBcxc,Cm1j1fpldkc
Sy70uRIBcxc,iJpL25ygt8c
lG-_bMbyb0s,1FmKYkdjy70
lG-_bMbyb0s,ccK2GifNn4A
lG-_bMbyb0s,bYH992ynhdU
XNvq8pzgvVw,ccK2GifNn4A
XNvq8pzgvVw,N6Pj8aS9oZ0
XNvq8pzgvVw,bYH992ynhdU
iJpL25ygt8c,N6Pj8aS9oZ0
iJpL25ygt8c,4z4YtquTJjM
iJpL25ygt8c,XNvq8pzgvVw
p4AZtjD03Ts,1FmKYkdjy70
p4AZtjD03Ts,yu03MpFaHDg
p4AZtjD03Ts,voWuAxYJX9c
1s5iz6ml-qA,Yphxh5L8YbQ
1s5iz6ml-qA,4cDC4wEY9SQ
1s5iz6ml-qA,XOVsDOG6WWw
c1nIqzwXT-s,g0MkYazCxyA
c1nIqzwXT-s,gsUUUdXQxTs
TtziF8sgZ0I,QlaeirHJpns
TtziF8sgZ0I,GgHRGgViWfY
TtziF8sgZ0I,d1rHsI-g3z4
OTWkeN2Gyz8,QlaeirHJpns
OTWkeN2Gyz8,0xK1DJ691sE
OTWkeN2Gyz8,btaEDH775ko
etkd57lPfPU,5xnZ_CeTqyM
etkd57lPfPU,ximgPmJ9A5s
etkd57lPfPU,xecEV4dSAXE
