RX-P3JLG8wg,LgieHmrYPZE
RX-P3JLG8wg,AH0yYGtU470
RX-P3JLG8wg,P5u8pbDD9VI
az1sbCyf8Sg,u8vnL_W-Z-w
az1sbCyf8Sg,Lj3bYW5mDmI
az1sbCyf8Sg,vpdHSMX_Arg
LaBof9yYf04,gSnt5glIy7A
LaBof9yYf04,81dZ5H3KnB4
LaBof9yYf04,9drJy2Eohh0
LgieHmrYPZE,UJNxwENVJkI
LgieHmrYPZE,nYVMRZDm2yU
AH0yYGtU470,3HSlWfe8LQI
AH0yYGtU470,sRtbuUbwAZs
AH0yYGtU470,vnuH67CTzSQ
P5u8pbDD9VI,7DRcG7zJUSM
P5u8pbDD9VI,uNlQu3X6kx8
u8vnL_W-Z-w,LQsxUuN4Cwk
u8vnL_W-Z-w,ITMp7511MRA
u8vnL_W-Z-w,k9vY7ZteZIw
Lj3bYW5mDmI,Ekzew-5P8ng
Lj3bYW5mDmI,TqfNlfee1UY
vpdHSMX_Arg,sBUaWq6T1sQ
gSnt5glIy7A,FDx3YVSun7A
gSnt5glIy7A,C1roM98Dass
gSnt5glIy7A,0gWX_E-1Kuw
81dZ5H3KnB4,GjmbuKTcoQU
81dZ5H3KnB4,Z95vnwah7Rc
81dZ5H3KnB4,wrsfFlQTkJg
9drJy2Eohh0,aqgzTwY6ZYk
9drJy2Eohh0,Lip5j_ToVcM
9drJy2Eohh0,z56j06plUgs
UJNxwENVJkI,Focr7fBwwWk
UJNxwENVJkI,gDTfKrE0U7I
UJNxwENVJkI,0edlcTii0G8
3HSlWfe8LQI,3mzTwQVqxLw
3HSlWfe8LQI,j-6SGhpPGIU
sRtbuUbwAZs,4VXYqTwn2Pk
7DRcG7zJUSM,rBWj-ZtuRF4
7DRcG7zJUSM,o9RbktFhy9c
uNlQu3X6kx8,LFTTAF8cm4s
LQsxUuN4Cwk,lkS8uElmC7s
LQsxUuN4Cwk,YHW2Kkm-p_M
k9vY7ZteZIw,bxtycmO3GFY
k9vY7ZteZIw,plB5IIpRYzY
Ekzew-5P8ng,li3GN0Hm7w8
Ekzew-5P8ng,H6lMCLQagQs
TqfNlfee1UY,xl3A2OHJcEk
TqfNlfee1UY,fQaV8HtzfJk
TqfNlfee1UY,MF5njIOet9M
sBUaWq6T1sQ,YbLG3nJs2dw
sBUaWq6T1sQ,hPAauFATjhE
sBUaWq6T1sQ,mMJ360KraJY
FDx3YVSun7A,eyy_BE-LmTc
C1roM98Dass,vDT-Yj5n6zE
C1roM98Dass,tW64X8zbIhM
C1roM98Dass,08y5RrhgPcA
0gWX_E-1Kuw,MQ8zpImxuH8
0gWX_E-1Kuw,Ll1NmgUe408
GjmbuKTcoQU,2EppLNonncc
GjmbuKTcoQU,E2jkzA_ZKCk
Z95vnwah7Rc,waB0UulJnzI
Z95vnwah7Rc,wygOrJ2p1eA
Z95vnwah7Rc,Oy9330_SiEk
wrsfFlQTkJg,AaTrOOAgEJw
aqgzTwY6ZYk,RuU-SHQljDQ
aqgzTwY6ZYk,5LBSZnZ2BbY
Lip5j_ToVcM,pFi0Hw_rDe8
z56j06plUgs,uAG4zCsiA_w
z56j06plUgs,yQLbNekBU1A
z56j06plUgs,BbePI5_OijY
Focr7fBwwWk,6DB_p2sMJTE
Focr7fBwwWk,pF7JSS9pZg0
gDTfKrE0U7I,3TR0P9XV-a8
gDTfKrE0U7I,XXoNqshYtp8
0edlcTii0G8,JEGBkg7nj9I
0edlcTii0G8,PYG1-m4puPM
3mzTwQVqxLw,i2JfWps8KUs
3mzTwQVqxLw,uzP2fcHrfdA
j-6SGhpPGIU,1z-yoAzI4Ow
4VXYqTwn2Pk,nsJz1_vElSo
4VXYqTwn2Pk,c1Nl1Wk3cac
o9RbktFhy9c,u9ahOCk3g60
o9RbktFhy9c,9oWLzwfNTic
LFTTAF8cm4s,sE1_B_F6dL4
lkS8uElmC7s,3Q5IPa88woI
lkS8uElmC7s,MdJsCt1ThIQ
YHW2Kkm-p_M,fXVgd-VxuOA
bxtycmO3GFY,onUj-0ALhcU
bxtycmO3GFY,MLv312-m290
plB5IIpRYzY,JQSiY5xrp64
plB5IIpRYzY,eZ2mdOhNOq0
plB5IIpRYzY,hSCF00_F4d8
li3GN0Hm7w8,-e6pN4675II
H6lMCLQagQs,ltF_bk1JLis
H6lMCLQagQs,UUAbMXKaDnI
xl3A2OHJcEk,K9X2WcIk_Ws
xl3A2OHJcEk,SLdbj7Sha6k
xl3A2OHJcEk,t-NSXB-EuPM
fQaV8HtzfJk,gbdFZBtSFUQ
fQaV8HtzfJk,eU9ybxY7P8I
fQaV8HtzfJk,M5kqew7tOA8
MF5njIOet9M,ROBfQWSLhWU
MF5njIOet9M,YqG_DIkotIM
MF5njIOet9M,uIXYFUvLZEY
YbLG3nJs2dw,po_UpS7uewQ
mMJ360KraJY,VYewfjTIhiQ
eyy_BE-LmTc,UwA8vZfkL2w
eyy_BE-LmTc,CtPorkSC0hw
vDT-Yj5n6zE,kasiov0ytEc
vDT-Yj5n6zE,3FAWkSeLhu4
tW64X8zbIhM,0PR3wJnKe6E
tW64X8zbIhM,hGpm_IuV5PQ
08y5RrhgPcA,PtFYhMgj5sc
MQ8zpImxuH8,WP42rnBsQpY
MQ8zpImxuH8,Aey7L0ETJGc
MQ8zpImxuH8,9GqrBZgF6qk
Ll1NmgUe408,Vc1SNJ0YaLQ
Ll1NmgUe408,KbyhYuwVjxA
2EppLNonncc,hiDW_eOhHpI
2EppLNonncc,ObG4Xf1gBDo
E2jkzA_ZKCk,xDgTj33YsqE
E2jkzA_ZKCk,uaK30-D-Gvg
E2jkzA_ZKCk,GzC1_rlhpc8
waB0UulJnzI,w_Ma8oQLmSM
waB0UulJnzI,-Wz69m4hKsw
wygOrJ2p1eA,xyX4ZxUkpD4
AaTrOOAgEJw,ZlU8OOUMq94
RuU-SHQljDQ,L-98RjrmqO4
5LBSZnZ2BbY,d_4DQDo7iuk
pFi0Hw_rDe8,2A6I_a3EJwc
pFi0Hw_rDe8,RC8jnN-zp5M
pFi0Hw_rDe8,64O1T8rvC9I
uAG4zCsiA_w,5-QejUTDCWw
uAG4zCsiA_w,gxyk84t4Q8w
yQLbNekBU1A,a45ujRTJyJ8
yQLbNekBU1A,cid38A_9e04
yQLbNekBU1A,dJxXrjsg3-M
BbePI5_OijY,n4F8ICKZ9VM
6DB_p2sMJTE,an7JQb5NQHo
pF7JSS9pZg0,fYEWu4RWUgY
3TR0P9XV-a8,EdNpVN5_OKY
3TR0P9XV-a8,fWBxOVlz_do
XXoNqshYtp8,QBQSWPrQMqU
XXoNqshYtp8,beDVxv0yES0
XXoNqshYtp8,l1-mHBAP6fo
JEGBkg7nj9I,jo8r7e9HGik
JEGBkg7nj9I,slsxV2E790k
JEGBkg7nj9I,kDLc-_o-M6Q
i2JfWps8KUs,b3UoFztZvqs
1z-yoAzI4Ow,XaPiE7jXY6c
nsJz1_vElSo,dqsCBr8yzcY
c1Nl1Wk3cac,MFVwgRMGY40
c1Nl1Wk3cac,TClF8dK7EE0
c1Nl1Wk3cac,50VfUhlfxNg
u9ahOCk3g60,Ywqc8ijj16s
u9ahOCk3g60,TsVEY3a5YLk
u9ahOCk3g60,IkzS4_hiOh4
9oWLzwfNTic,yPWeRJgrkek
9oWLzwfNTic,LtUxh9cyL-c
9oWLzwfNTic,Br7-focaDUo
sE1_B_F6dL4,VjzfweQKKSE
sE1_B_F6dL4,kfdju-3Jr1E
sE1_B_F6dL4,hPYDCo5ioGg
3Q5IPa88woI,giaGntR8uww
onUj-0ALhcU,XyxIPfDUBc8
MLv312-m290,Z7JfQJAkLwA
MLv312-m290,KWxYPtS7oBI
MLv312-m290,aSyQEeSYFzA
JQSiY5xrp64,EBNGEtx02pQ
JQSiY5xrp64,Q_K3z-xNE-I
eZ2mdOhNOq0,gjO20-O1pkc
eZ2mdOhNOq0,inETBE4XXbU
eZ2mdOhNOq0,7UiUt-W2y14
hSCF00_F4d8,f423OAGqX9Q
hSCF00_F4d8,LHje6KOsGYU
-e6pN4675II,25ylqPFYfLA
-e6pN4675II,SoocWNeFw6g
