ID, Title
RX-P3JLG8wg,Informe diario por coronavirus en M√©xico 03 de junio de 2020
az1sbCyf8Sg,Telefe Noticias en directo con toda la informaci√≥n del coronavirus en Argentina
LaBof9yYf04,Coronavirus: Do not move gatherings indoors Boris Johnson - Covid-19 Government Briefing üî¥ BBC
LgieHmrYPZE,Informe diario sobre Programas de Bienestar 03 de junio de 2020
AH0yYGtU470,Desde Palacio Nacional conferencias de Prensa  - #EnVivo
P5u8pbDD9VI,Nueva Normalidad se realiza con cuidados y restricciones. Conferencia presidente AMLO
u8vnL_W-Z-w,Telefe Noticias Neuquen
Lj3bYW5mDmI,Nueva explosi√≥n en la perfumer√≠a de Villa Crespo donde murieron dos bomberos - Telefe Noticias
vpdHSMX_Arg,Coronavirus en Argentina: ya son 583 muertos y 19.268 infectados - Telefe Noticias
gSnt5glIy7A,Piers Morgan Says Dominic Cummings Has Destroyed the Lockdown | Good Morning Britain
81dZ5H3KnB4,George Floyd: Further widespread US protests but violence falls - Top stories this morning - BBC
9drJy2Eohh0,Trump Threatens to Deploy Military in Response to Protests: A Closer Look
UJNxwENVJkI,Las Noticias de la ma√±ana 3 de junio de 2020 | Noticias Telemundo
nYVMRZDm2yU,Informe diario sobre cr√©ditos 03 de junio de 2020
3HSlWfe8LQI,Conferencia de Prensa #COVID19 | 3 de junio de 2020 #GraciasPorCuidarnos
sRtbuUbwAZs,¬øPor qu√© mienten? 3 de junio del 2020 - Noro√±a
vnuH67CTzSQ,Banderazo de inicio de obra del Tren Maya desde Esc√°rcega, Campeche
7DRcG7zJUSM,Banderazo de inicio de obra del Tren Maya desde L√°zaro C√°rdenas, Quintana Roo
uNlQu3X6kx8,Hace Unos Minutos ¬°¬°AMLO ARR1ESGA SU VIDA AL DECIR ESTO!! Da Impactate Noticia Nadie Espera Esto
LQsxUuN4Cwk,Telefe Noticias Neuquen
ITMp7511MRA,Telefe Noticias Neuquen
k9vY7ZteZIw,HABILITAN LOCALES GASTON√ìMICOS
Ekzew-5P8ng,Tragedia en Villa Crespo: hablan los vecinos
TqfNlfee1UY,Dos bomberos murieron tras una explosi√≥n en una perfumer√≠a que se incendi√≥ en Villa Crespo
sBUaWq6T1sQ,Argentina se acerca a los 20 mil casos totales de coronavirus: se registraron 949 nuevos contagiados
FDx3YVSun7A,Tobias Ellwood Says Lockdown Sex Ban Is 'Ridiculous' | Good Morning Britain
C1roM98Dass,Should Piers Morgan Be Fired for His Views on Gender? | Good Morning Britain
0gWX_E-1Kuw,Should Dominic Cummings Be Sacked? | This Morning
GjmbuKTcoQU,George Floyd: Mass protests continue to erupt across the US - Live updates
Z95vnwah7Rc,Protesters in US continue to defy curfews as Minneapolis investigates police department | ABC News
wrsfFlQTkJg,Protest backlash over Trump's address Indigenous teen's arrest investigated | 9 News Australia
aqgzTwY6ZYk,Trump‚Äôs Deranged Response to the George Floyd Protests: A Closer Look
Lip5j_ToVcM,Trump Sics Military On Peaceful Protesters And Clergy To Make Way For Bible Photo Op
z56j06plUgs,American Carnage at Lafayette Square
Focr7fBwwWk,Euronews Hoy | Las noticias del mi√©rcoles 3 de junio de 2020
gDTfKrE0U7I,La familia de George Floyd visit√≥ el lugar de su muerte en Minneapolis | Noticias Telemundo
0edlcTii0G8,Las Noticias de la ma√±ana 1 de junio de 2020 | Noticias Telemundo
3mzTwQVqxLw,Avances y Resultados de los #ProgramasBienestar y Reactivaci√≥n Econ√≥mica | 3 de junio de 2020
j-6SGhpPGIU,Conferencia de Prensa #COVID19 | 2 de junio de 2020 #GraciasPorCuidarnos
4VXYqTwn2Pk,¬øQu√© renuncie AMLO? 30 de mayo del 2020 - Noro√±a
rBWj-ZtuRF4,Banderazo de inicio de obra del Tren Maya desde Maxcan√∫ Yucat√°n
o9RbktFhy9c,Tren Maya (07/04/2019)
LFTTAF8cm4s,Hace Unos Minutos ¬°YA ES OFICIAL AMLO VA POR PE√ëA NIETO y SUS AMIGOS! Ya Tienen un Pie en la C√°rcel
lkS8uElmC7s,Canal 7 Mendoza En Vivo
YHW2Kkm-p_M,TRAGEDIA Y DOLOR TRAS UN FATAL INCENDIO EN CIPOLLETTI
bxtycmO3GFY,PROPONEN CONTROLES EN CONJUNTO ENTRE RIÃÅO NEGRO Y NEUQUEÃÅN
plB5IIpRYzY,Sesi√≥n de la C√°mara de Senadores | 03/06/2020 | Rep√∫blica Oriental del Uruguay
li3GN0Hm7w8,Am√©rica TV EN VIVO
H6lMCLQagQs,Fantino a la tarde | Programa completo (03-06-2020)
xl3A2OHJcEk,Villa Crespo: un bombero grave y varios atrapados entre los escombros
fQaV8HtzfJk,Las l√°grimas de Alberto Crescenti en el homenaje a los bomberos h√©roes
MF5njIOet9M,Delincuente internacional m√°s buscado estaba viviendo en Chile - #ReportajesT13
YbLG3nJs2dw,LN+ EN VIVO las 24 horas
hPAauFATjhE,Sandra Pitta: "Quiz√°s el Gobierno argentino desea ser Venezuela"
mMJ360KraJY,La nueva grieta en la Argentina: ¬øcuarentena total o cuarentena flexible?
eyy_BE-LmTc,Celeb Hairdresser Passionately Criticises the Government's COVID Response | Good Morning Britain
vDT-Yj5n6zE,Should There Be a Limit to Gender Identities? | Good Morning Britain
tW64X8zbIhM,Piers Morgan's Most Fiery Moments | Good Morning Britain
08y5RrhgPcA,Piers Morgan's Most Fiery Vegan Debates Ever! | Good Morning Britain
MQ8zpImxuH8,Top 20 Awkward Interviews on This Morning
Ll1NmgUe408,Neville and Carragher react to HILARIOUS football impressions! (Carragher Rooney Neville Rodgers)
2EppLNonncc,üî¥ Al Jazeera English | Live
E2jkzA_ZKCk,All four ex-officers charged in George Floyd case
waB0UulJnzI,Watch ABC News live
wygOrJ2p1eA,US military deploys across Washington amid protests | ITV News
Oy9330_SiEk,Thousands stand defiant in peaceful protests as curfews come into force in US cities | ABC News
AaTrOOAgEJw,President Trump widely condemned over handling of US protests - BBC News
RuU-SHQljDQ,After Days Of Unrest America Needs Moral Leadership. Instead We Have Donald Trump
5LBSZnZ2BbY,Obama Speaks Out About Trump‚Äôs Coronavirus Failures: A Closer Look
pFi0Hw_rDe8,Wes Moore: People Don't Relax When The Military Is Deployed In Their Communities EXTENDED INTERVI‚Ä¶
uAG4zCsiA_w,Why Helicopter Airlines Failed
yQLbNekBU1A,Can the President Cancel The Election & What Would Happen? (LegalEagle‚Äôs Real Law Review)
BbePI5_OijY,Real Lawyer Reacts to Tiger King // LegalEagle
6DB_p2sMJTE,euronews en directo | Noticias internacionales desde un punto de vista europeo
pF7JSS9pZg0,Noticias del 2020/06/03 14h00
3TR0P9XV-a8,La Casa Blanca amaneci√≥ fuertemente custodiada para evitar disturbios | Noticias Telemundo
XXoNqshYtp8,Secretario de Defensa de EE.UU. se desmarca de Trump y niega desplegar al Ej√©rcito en protestas cont
JEGBkg7nj9I,Noticias Telemundo 28 de mayo 2020 | Noticias Telemundo
PYG1-m4puPM,Euronews Hoy | Las noticias del martes 2 de junio de 2020
i2JfWps8KUs,Cr√©ditos a la palabra para reactivar la econom√≠a | 3 de junio de 2020¬†#UnidosSaldremosAdelante
uzP2fcHrfdA,Avances y Resultados de los #ProgramasBienestar y Reactivaci√≥n Econ√≥mica | 2 de junio de 2020
1z-yoAzI4Ow,#ConferenciaPresidente  | Mi√©rcoles 3 de junio de 2020 desde Campeche, Campeche
nsJz1_vElSo,Primera parte de entrevista con Epigmenio Ibarra
c1Nl1Wk3cac,AMLO en el Tec de Monterrey
u9ahOCk3g60,M√©xico Indomable Episodio 1
9oWLzwfNTic,El Tren Maya Calakmul | Ep 2
sE1_B_F6dL4,DE √öLTIMO MINUTO! PANISTAS QUIEREN BORRAR ESTE VIDEO! COMPARTIR ESTO ES EL PAN
3Q5IPa88woI,Canal 26 EN VIVO
MdJsCt1ThIQ,A24 EN VIVO
fXVgd-VxuOA,CIPOLLETTI: MURIOÃÅ UNA NENA EN UN INCENDIO
onUj-0ALhcU,A orillas del R√≠o Negro
MLv312-m290,26  crianceros pobres
JQSiY5xrp64,Sesi√≥n extraordinaria mi√©rcoles 3 a la hora 15 TV C√ÅMARA DE REPRESENTANTES
eZ2mdOhNOq0,Senado: Sesi√≥n sobre contrato con UPM
hSCF00_F4d8,Andrade sobre la #LUC - Intervenci√≥n completa en Senado
-e6pN4675II,Jos√© "Pepe" Mujica mano a mano con Novaresio (01/05/20)
ltF_bk1JLis,Intrusos | Programa completo (03-06-2020)
UUAbMXKaDnI,Fantino A La Tarde | Programa completo (15-04-2020)
K9X2WcIk_Ws,Cr√≥nica HD en VIVO las 24 horas
SLdbj7Sha6k,Tragedia en Villa Crespo: hay 2 bomberos muertos y otros 2 muy graves
t-NSXB-EuPM,"Cuando entramos a un incendio, no sabemos si salimos"
gbdFZBtSFUQ,LOS ABANDONADOS DE LA PANDEMIA
eU9ybxY7P8I,Un club social que se convirti√≥ en verduler√≠a
M5kqew7tOA8,Vecinos de Merlo denunciaron que siete polic√≠as les tirotearon las casas
ROBfQWSLhWU,EN VIVO  | T13 M√≥vil
YqG_DIkotIM,Informe Especial: ‚ÄúLa F√°brica del Delito‚Äù | 24 Horas TVN Chile
uIXYFUvLZEY,La mafia del oro
po_UpS7uewQ,BIZCOCHO JAPON√âS. Los secretos del bizcocho que tiembla
VYewfjTIhiQ,¬øQu√© har√≠a Claudio Zuchovicki con 100 d√≥lares?
UwA8vZfkL2w,Martin Luther King III on Trump & the Protests over George Floyd's Death | Good Morning Britain
CtPorkSC0hw,Is Coronavirus Finally Under Control? | This Morning
kasiov0ytEc,Genders Rights and Freedom of Speech
3FAWkSeLhu4,Are 'Paedophile Hunters' Getting in the Way of the Law? | Good Morning Britain
0PR3wJnKe6E,Top Ten Heated Arguments! | Good Morning Britain
hGpm_IuV5PQ,Piers Morgan's Funniest Moments on Good Morning Britain
PtFYhMgj5sc,Should Veganism Be a Religion? | Good Morning Britain
WP42rnBsQpY,This Morning‚Äôs Most Viral Moments Ever Part 2 | This Morning
Aey7L0ETJGc,This Morning - Phil and Fern's Funny Bits
9GqrBZgF6qk,Top 10 Angriest Celebrity Interview Walkouts
Vc1SNJ0YaLQ,Gary Neville vs Jamie Carragher in the ULTIMATE Premier League quiz with Martin Tyler!
KbyhYuwVjxA,Jurgen Klopp's funniest Liverpool moments!
hiDW_eOhHpI,FRANCE 24 English ‚Äì LIVE ‚Äì International Breaking News & Top stories - 24/7 stream
ObG4Xf1gBDo,Watch NBC News NOW Live - June 3
xDgTj33YsqE,George Floyd's brother urges crowd for peaceful protest
uaK30-D-Gvg,Charges announced against all ex-officers in Floyd case
GzC1_rlhpc8,Stephen Jackson on his relationship with George Floyd & support for peaceful protestors | THE HERD
w_Ma8oQLmSM,LIVE: GEORGE FLOYD PROTESTS IN LOS ANGELES ACROSS U.S. - KABC COVERAGE ON ABC NEWS LIVE
-Wz69m4hKsw,Minneapolis protests erupt on camera after man allegedly stabbed | Nine News Australia
xyX4ZxUkpD4,US National Guard members take the knee with protesters after Keke Palmer speech
ZlU8OOUMq94,American riots update: Los Angeles declares state of emergency | 7NEWS
L-98RjrmqO4,Jim Jefferies - Donald Trump - Full Length Official Clip -- From Freedumb Netflix Special
d_4DQDo7iuk,What the Hell Happened This Week? | The Daily Social Distancing Show
2A6I_a3EJwc,Keegan-Michael Key: My Encounters With Police Are Different As A Famous Black Man
RC8jnN-zp5M,Killer Mike On His Emotional Speech In Atlanta: I Said What Was In My Heart
64O1T8rvC9I,Wes Moore: The Difference Between Your Job and Your Work | SuperSoul Sessions | OWN
5-QejUTDCWw,The World's Most Useful Airport [Documentary]
gxyk84t4Q8w,Underwater Aircraft Carriers: Imperial Japan‚Äôs Secret Weapon
a45ujRTJyJ8,How to Illegally Profit From a Pandemic: Insider Trading! (LegalEagle‚Äôs Real Law Review)
cid38A_9e04,DOJ Dismisses Flynn? Not So Fast.  (LegalEagle‚Äôs Law Review)
dJxXrjsg3-M,What Happens If A Nominee Dies Before The General Election? l FiveThirtyEight
n4F8ICKZ9VM,Laws Broken: Tiger King (Lawyer Reacts Part 2) // LegalEagle
an7JQb5NQHo,FRANCE 24 Espa√±ol ‚Äì EN VIVO ‚Äì Informaci√≥n internacional y noticias del mundo 24 horas
fYEWu4RWUgY,Noticias del 2020/06/01 01h30
EdNpVN5_OKY,Las jornadas de protesta por la muerte de George Floyd generan arrestos alrededor de EE.UU.
fWBxOVlz_do,Reprimen protesta frente a la Casa Blanca por la muerte de George Floyd | Noticias Telemundo
QBQSWPrQMqU,"Contin√∫an las protestas masivas en las calles de Los √Ångeles" | Noticias Telemundo
beDVxv0yES0,Tormenta tropical Crist√≥bal golpea el sureste de M√©xico y provoca peligrosas inundaciones
l1-mHBAP6fo,Cargos m√°s graves contra expolic√≠a Derek Chauvin por muerte de George Floyd
jo8r7e9HGik,Noticias Telemundo 17 de mayo de 2019 | Noticias Telemundo
slsxV2E790k,La batalla de James Comey | Noticias | Noticias Telemundo
kDLc-_o-M6Q,Noticias Telemundo 2 de junio 2020 | Noticias Telemundo
b3UoFztZvqs,Cr√©ditos a la palabra para reactivar la econom√≠a | 2 de junio de 2020 #UnidosSaldremosAdelante
XaPiE7jXY6c,Banderazo de Inicio de Obra del Tren Maya Tramo 2 Campeche #EnVivo
dqsCBr8yzcY,Entrevista con la agencia de noticias Bloomberg
MFVwgRMGY40,Las mejores frases del segundo debate presidencial | Huffpost M√©xico
TClF8dK7EE0,Documental 'Esto soy'
50VfUhlfxNg,Secretos de familia juegos de poder. (Los Ruiz Massieu)
Ywqc8ijj16s,M√©xico Indomable Episodio 2
TsVEY3a5YLk,Documental - Al Sur del Mundo - Flora y Fauna Chilena
IkzS4_hiOh4,Construir lo imposible - Roma (primera parte)
yPWeRJgrkek,El Tren Maya Bacalar y Felipe Carrillo Puerto | Ep 3
LtUxh9cyL-c,2013 Campeche Calakmul ruins
Br7-focaDUo,El Tren Maya Palenque y Tenosique | Ep 1
VjzfweQKKSE,DE √öLTIMO MINUTO! AMLO confirma UIF BLOQUE√ì MILES DE CUENTAS, ¬°BUENAS NOTICIAS!
kfdju-3Jr1E,DE √öLTIMO MINUTO! DR HUGO LE CONTESTA A SENADORA DEL PAN TRAS EXIGIRLE DISCULPAS
hPYDCo5ioGg,DE √öLTIMO MINUTO! DR HUGO CONTESTA A LORET Y DA IMPORTANTE ANUNCIO
giaGntR8uww,Narcos del Bajo Flores: la segunda generaci√≥n
XyxIPfDUBc8,Congo salvaje 1  Un rio de monstruos
Z7JfQJAkLwA,"Hijos del Campo"Con 94 a√±os a√∫n  trabajando en el campo (PARTE 1)
KWxYPtS7oBI,Juan el criancero del Canal
aSyQEeSYFzA,Tvtour  Destino Monc√≥l (Loncopue)
EBNGEtx02pQ,Discurso de asunci√≥n como cuarto vicepresidente - Diputado Eduardo Lust
Q_K3z-xNE-I,Llamado a sala UPM parte II
gjO20-O1pkc,Llamado a sala UPM parte III
inETBE4XXbU,Entrevista - Jorge Batlle sobre Ra√∫l Sendic
7UiUt-W2y14,Mis palabras sobre proyecto de ley que crea Fondo de Garant√≠a para sector lechero
f423OAGqX9Q,#DIRECTO √ìscar Andrade sobre LUC en el Senado
LHje6KOsGYU,L√≥pez D‚ÄôAlessandro: Vivi√°n Tr√≠as el esp√≠a a sueldo que cambi√≥ nuestras vidas
25ylqPFYfLA,Discusi√≥n con Pepe Mujica ex Presidente de Uruguay (Espa√±ol)
SoocWNeFw6g,Jos√© Mujica
